Site Name,Site Address,Site City,Site State,Site Zip Code,County
Collettsville Medical Center,4330 Collettsville Rd,Collettsville,NC,28611-9000,Caldwell
Happy Valley Medical Center,1345 Hwy 268,Lenoir,NC,28645,Caldwell
WCHC Mobile Health Unit,4330 Collettsville Rd,Collettsville,NC,28611-9000,Caldwell
West Caldwell Health Council Annex,4329 Collettsville Rd,Lenoir,NC,28645,Caldwell
Banks Elementary School,2148 Falling Creek Rd,Kinston,NC,28504-9168,Lenoir
Contentnea-Savannah School,3400 Ferrell Rd,Kinston,NC,28501-7136,Lenoir
E.B. Frink Middle School,102 Martin Luther King Jr Dr,La Grange,NC,28551-1441,Lenoir
KCHC Administration Site- Billing,327 N Queen St Ste 302,Kinston,NC,28501-4987,Lenoir
KCHC Administration Site- Call Center,327 N Queen St Ste 112,Kinston,NC,28501-4986,Lenoir
Kinston Community Health Center Pharmacy,324 N Queen St STE A,Kinston,NC,28501-4932,Lenoir
"Kinston Community Health Center, Inc Site 2",207 E King St STE,Kinston,NC,28501-4917,Lenoir
"KINSTON COMMUNITY HEALTH CENTER, INC.",324 N Queen St,Kinston,NC,28501-4932,Lenoir
L.C. Learning Academy,2529 Cedar Dell Ln BLDG,Kinston,NC,28504-9113,Lenoir
LaGrange Elementary School,402 W Railroad St,La Grange,NC,28551-1640,Lenoir
Mobile Unit 1,324 N Queen St,Kinston,NC,28501-4932,Lenoir
Moss Hill Elementary,6040 Hwy 55 W,Kinston,NC,28504-7433,Lenoir
Northeast Elementary School,1002 E Highland Ave,Kinston,NC,28501-3114,Lenoir
Northwest Elementary School,1701 Old Well Rd,Kinston,NC,28504-2600,Lenoir
Pink Hill Elementary School,2666 HC Turner Rd,Pink Hill,NC,28572-9552,Lenoir
Rochelle Middle School,301 N Rochelle Blvd,Kinston,NC,28501-5240,Lenoir
Southeast Elementary School,201 Mcdaniels St,Kinston,NC,28501-5638,Lenoir
Southwood Elementary School,1245 Hwy 58 S,Kinston,NC,28504-6909,Lenoir
Woodington Middle School,4939 Hwy 258 S,Kinston,NC,28504-7083,Lenoir
NeighborHealth Center,4201 Lake Boone Trl STE 005,Raleigh,NC,27607-7511,Wake
NeighborHealth Center Corporate Office,2605 Blue Ridge Rd STE 240,Raleigh,NC,27607-6475,Wake
NeighborHealth Center Susanne Berger Clinic,2605 Blue Ridge Rd STE 225,Raleigh,NC,27607-6459,Wake
LEWISTON COMMMUNITY HEALTH CTR,307 S Main St,Lewiston,NC,27849-9695,Bertie
WINDSOR COMMUNITY HEALTH CTR,104 Rhodes Ave,Windsor,NC,27983-9656,Bertie
Person Family Administration Offices,702 N Main St,Roxboro,NC,27573-4755,Person
Person Family Behavioral Health,622 N Main St,Roxboro,NC,27573-5041,Person
Person Family Dental Center Caswell Site,1076 Nc Highway 86 N,Yanceyville,NC,27379-8645,Caswell
Person Family Dental Center Roxboro Site,706 N Main St,Roxboro,NC,27573-4755,Person
"PERSON FAMILY MEDICAL CENTER, INC.",702 N Main St,Roxboro,NC,27573-4755,Person
CASWELL FAMILY MEDICAL CENTER,439 US Highway 158 W,Yanceyville,NC,27379-8304,Caswell
CFMC at North Village Pharmacy,1493 Main St,Yanceyville,NC,27379-8793,Caswell
CFMC Urgent Care,439 US Highway 158 W STE B,Yanceyville,NC,27379-8304,Caswell
James Austin Healthcare Center,250 W Kings Hwy,Eden,NC,27288-5010,Rockingham
ANGEL URGENT CARE CENTER,190 Riverview St,Franklin,NC,28734-2658,Macon
AGAPE COMMUNITY HEALTH CENTER,120 W Martin Luther King Jr Dr,Washington,NC,27889-4906,Beaufort
Agape Community Health Clinic - Williamston,1130 Godwin Dr,Williamston,NC,27892-6828,Martin
Agape Health Services- Administrative Building,101 S Market St,Washington,NC,27889-4952,Beaufort
Agape Health Services- Plymouth,115 Adams St,Plymouth,NC,27962-1307,Washington
Mattamuskeet Early College High,20392 US Highway 264,Swanquarter,NC,27885-9341,Hyde
Mattamuskeet Elementary School,60 Juniper Bay Rd,Swanquarter,NC,27885-9507,Hyde
Ocracoke School,120 School House Rd,Ocracoke,NC,27960-1395,Hyde
Family Medicine at Arlington,1205 Arlington St,Greensboro,NC,27406-1420,Guilford
Family Medicine at Elm,606 N Elm St,High Point,NC,27262-4332,Guilford
Family Medicine at Eugene,1002 S Eugene St,Greensboro,NC,27406-1308,Guilford
Family Medicine at Northwood,300 W Northwood St,Greensboro,NC,27401-1324,Guilford
TAPM Family Medicine at Brentwood,2039 Brentwood St,High Point,NC,27263-1805,Guilford
TAPM Pediatrics at Wendover,1046 E Wendover Ave,Greensboro,NC,27405-6712,Guilford
United Health Centers,3009A Waughtown St,Winston Salem,NC,27107-1634,Forsyth
United Health Centers @ Commons,1430 Felicity Ln,Winston Salem,NC,27101,Forsyth
United Heatlh Centers @Peters Creek Parkway,2101 Peters Creek Pkwy,Winston Salem,NC,27127-3726,Forsyth
APPLE VALLEY SCHOOL HLTH CTR,43 Fruitland Rd,Hendersonville,NC,28792-8506,Henderson
Blue Ride Health Mobile Dental Bus,2579 Chimney Rock Rd,Hendersonville,NC,28792-9181,Henderson
Blue Ridge Health - Administration,220 5th Ave E,Hendersonville,NC,28792-4377,Henderson
Blue Ridge Health - Arden,303 Airport Rd,Arden,NC,28704-8402,Buncombe
Blue Ridge Health - Asheville Middle School,211 S French Broad Ave,Asheville,NC,28801-3901,Buncombe
Blue Ridge Health - Brevard,29 W French Broad St,Brevard,NC,28712-4771,Transylvania
Blue Ridge Health - Brevard Elementary School,399 Greenville Hwy,Brevard,NC,28712-4792,Transylvania
Blue Ridge Health - Brevard High School,609 N Country Club Rd,Brevard,NC,28712-8992,Transylvania
Blue Ridge Health - Collins Dental,158 White Dr,Columbus,NC,28722-9465,Polk
Blue Ridge Health - Erwin Middle School,20 Erwin Hills Rd # 20,Asheville,NC,28806-2105,Buncombe
Blue Ridge Health - Franklin School of Innovation,21 Innovation Dr,Asheville,NC,28806-0039,Buncombe
Blue Ridge Health - Highlands Cashier,209 Hospital Dr,Highlands,NC,28741-7623,Macon
Blue Ridge Health - Lake Lure,146 Nesbitt Rdg,Lake Lure,NC,28746-0057,Rutherford
Blue Ridge Health - Meridian Bonnie Lane,44 Bonnie Ln,Sylva,NC,28779-8511,Jackson
Blue Ridge Health - Rainbow Pediatrics,110 Chadwick Square Ct STE A,Hendersonville,NC,28739-3238,Henderson
Blue Ridge Health - Rainbow Pediatrics,110 Chadwick Square Ct STE C,Hendersonville,NC,28739-3238,Henderson
Blue Ridge Health - Rainbow Pediatrics,100 Chadwick Square Ct STE D,Hendersonville,NC,28739-3202,Henderson
Blue Ridge Health - Rosman Elementary,167 Rosman School Rd,Rosman,NC,28772-9770,Transylvania
Blue Ridge Health - Rosman High School,749 Pickens Hwy,Rosman,NC,28772-9638,Transylvania
Blue Ridge Health - Rosman Middle School,2770 Old Rosman Hwy,Rosman,NC,28772-9639,Transylvania
Blue Ridge Health - Swain,264 Highway 19 S STE 4,Bryson City,NC,28713-1134,Swain
Blue Ridge Health - Swain County High School,1415 Fontana Rd,Bryson City,NC,28713-6951,Swain
BLUE RIDGE HEALTH CENTER,US-64 E & Howard Gap Rd,Hendersonville,NC,28792,Henderson
Blue Ridge Health Mobile Dental,2579 Chimney Rock Rd,Hendersonville,NC,28792-9181,Henderson
Blue Ridge Health Mobile Dental Bus 3,2579 Chimney Rock Rd,Hendersonville,NC,28792-9181,Henderson
Blue Ridge Health- Davidson River School,970 Ecusta Rd,Brevard,NC,28712-7582,Transylvania
Blue Ridge Health--Swain County Middle School,135 Arlington Ave,Bryson City,NC,28713-9666,Swain
Blue Ridge Health-Brevard Middle School,400 Fisher Rd,Brevard,NC,28712-3895,Transylvania
Blue Ridge Health-Edneyville Elementary School,2875 Pace Rd,Hendersonville,NC,28792-9039,Henderson
Blue Ridge Health-Fairview School,251 Big Orange Way,Sylva,NC,28779-5601,Jackson
Blue Ridge Health-IC Imagine Public Charter Sc...,110 Champion Way,Asheville,NC,28806-0224,Buncombe
Blue Ridge Health-Lake Lure Classical Academy,1058 Island Creek Rd,Lake Lure,NC,28746,Rutherford
Blue Ridge Health-Meridian 65 North Broad,65 N Broad St,Brevard,NC,28712-3725,Transylvania
Blue Ridge Health-Meridian 69 North Broad,69 N Broad St,Brevard,NC,28712-3725,Transylvania
Blue Ridge Health-Meridian Broadview,307 Broadview Rd,Waynesville,NC,28786-3466,Haywood
Blue Ridge Health-Meridian East,1207 East St,Waynesville,NC,28786-3438,Haywood
Blue Ridge Health-Meridian Macon,674 Highlands Rd,Franklin,NC,28734-9566,Macon
Blue Ridge Health-Meridian Walnut,131 Walnut St,Waynesville,NC,28786-3250,Haywood
Blue Ridge Health-Pisgah Forest Elementary School,1160 Ecusta Rd,Brevard,NC,28712-7579,Transylvania
Blue Ridge Health-Polk,161 Walker St BLDG,Columbus,NC,28722-9433,Polk
Blue Ridge Health-Smoky Mountain High School,100 Smoky Mountain Dr,Sylva,NC,28779-5600,Jackson
BRUCE DRYSDALE ELEMENTARY SCHOOL,834 N Main St,Hendersonville,NC,28792-5080,Henderson
Haywood Health Center,490 Hospital Dr,Clyde,NC,28721-8026,Haywood
Hendersonville Family Health Center,709 N Justice St,Hendersonville,NC,28791-3454,Henderson
Hillandale Elementary School,40 Preston Ln,East Flat Rock,NC,28726-2810,Henderson
NORTH HENDERSON HIGH SCHOOL,35 Fruitland Rd,Hendersonville,NC,28792-8506,Henderson
Pardee BlueMD 1409 Asheville Highway,1409 Asheville Hwy,Brevard,NC,28712-9524,Transylvania
Pardee BlueMD 156 Cross Road Drive,156 Cross Road Dr,Mills River,NC,28759-5508,Henderson
Pardee BlueMD 1824 Pisgah Drive,1824 Pisgah Dr,Hendersonville,NC,28791-3759,Henderson
Pardee BlueMD 2695 Hendersonville Road Suite 200,2695 Hendersonville Rd STE 200,Arden,NC,28704-8576,Henderson
Pardee BlueMD 2695 Hendersonville Road Suite 202,2695 Hendersonville Rd STE 202,Arden,NC,28704-8576,Henderson
Pardee BlueMD 3334 Boylston Highway Suite 20,3334 Boylston Hwy STE 20,Mills River,NC,28759-4103,Henderson
Pardee BlueMD 611B Fifth Avenue West,611 5th Ave W STE B,Hendersonville,NC,28739-4296,Henderson
Pardee BlueMD 643 Fifth Avenue West,643 5th Ave W,Hendersonville,NC,28739-4205,Henderson
Pardee BlueMD 6503 Brevard Road,6503 Brevard Rd,Etowah,NC,28729-8739,Henderson
Pardee BlueMD 805 Fairview Road Suite 200,805 Fairview Rd STE 200,Asheville,NC,28803-1011,Buncombe
Polk County Middle School,321 Wolverine Trl,Mill Spring,NC,28756-5821,Polk
Rutherford Health Center,187 W Main St,Spindale,NC,28160-1539,Rutherford
STOKES DENTAL CENTER,2595 Chimney Rock Rd,Hendersonville,NC,28792-9181,Henderson
Sugarloaf Elementary School,2270 Sugarloaf Rd,Hendersonville,NC,28792-8854,Henderson
Sylva Health Center,293 Hospital Rd,Sylva,NC,28779-5195,Jackson
Bakersville Community Health Center,86 N Mitchell Ave,Bakersville,NC,28705-6502,Mitchell
Burnsville Health Center,71 Blue Ridge Ln,Burnsville,NC,28714-7270,Yancey
Cane River School Based Health Center,1128 Cane River School Rd,Burnsville,NC,28714-8106,Yancey
Celo Health Center,116 Seven Mile Ridge Rd,Burnsville,NC,28714,Yancey
East Yancey School Based Health Center,39 N Fork Rd,Burnsville,NC,28714,Yancey
MCHP Dental Center,89 N Mitchell Ave,Bakersville,NC,28705-6502,Mitchell
Micaville Health Center,621 Micaville Loop STE 600,Burnsville,NC,28714-0828,Yancey
Spruce Pine Community Health Center,36 Hospital Dr,Spruce Pine,NC,28777-8943,Mitchell
Ahoskie Comprehensive Care,120 Health Center Dr,Ahoskie,NC,27910-8161,Hertford
COLERAIN PRIMARY CARE,109 W River St,Colerain,NC,27924-9006,Bertie
Creswell Primary Care,9500 NC Highway 94 N,Creswell,NC,27928-8300,Washington
Hertford County Student Wellness Center (HCSWC),1850 NC Highway 11 N,Murfreesboro,NC,27855-9336,Hertford
Murfreesboro Primay Care,305 Beechwood Blvd,Murfreesboro,NC,27855-1134,Hertford
ROANOKE-CHOWAN COMMUNITY HLTH CT,120 Health Center Dr,Ahoskie,NC,27910-8161,Hertford
Woodland Primary Care,108 W Main St,Woodland,NC,27897-9802,Northampton
China Grove Family Medicine,307 E Thom St,China Grove,NC,28023-2363,Rowan
CRCHC Administrative Auxiliary Offices,212B Mcgill Ave NW,Concord,NC,28025-4615,Cabarrus
CRCHC Homeless Clinic at Rowan Helping Ministries,226 N Long St,Salisbury,NC,28144-5049,Rowan
CRCHC Mobile Unit,202D McGill Ave NW,Concord,NC,28025-4615,Cabarrus
CRCHC Patterson Farm Migrant Clinic,3060 Millbridge Rd,China Grove,NC,28023-7716,Rowan
LOGAN FAMILY MEDICINE,298 Lincoln St SW,Concord,NC,28025-5469,Cabarrus
MCGILL FAMILY MEDICINE,202D McGill Ave NW,Concord,NC,28025-4615,Cabarrus
Northern Rowan Family Medicine,300 N Salisbury Ave,Spencer,NC,28159-2514,Rowan
Salisbury Health Center,"330 Jake Alexander Blvd W, Ste 102",Salisbury,NC,28147-1385,Rowan
Durham Recovery Response Center,309 Crutchfield St,Durham,NC,27704-2754,Durham
HEALTH CARE FOR THE HOMELESS,412 Liberty St,Durham,NC,27701-3408,Durham
Holton Wellness Center,401 N Driver St,Durham,NC,27703-3007,Durham
John H. Lucas Sr Wellness Center,3727 Fayetteville St,Durham,NC,27707-4718,Durham
Lincoln CHC -Durham County Human Services,414 E Main St,Durham,NC,27701-3720,Durham
Lincoln CHC at Lakewood,2020 Chapel Hill Rd STE 28,Durham,NC,27707-1186,Durham
"Lincoln Community Health Center, Inc.",1301 Fayetteville St,Durham,NC,27707-2325,Durham
Live Well Administrative Site,3901 N Roxboro St Ste 112,Durham,NC,27704-2181,Durham
Live Well Primary Care Clinic,3901 N Roxboro St STE 101,Durham,NC,27704-2181,Durham
LYON PARK CLINIC,1313 Halley St,Durham,NC,27707-1227,Durham
WALLTOWN CLINIC,815 Broad St,Durham,NC,27705-4137,Durham
Avery Dental Clinic,504 Pineola St,Newland,NC,28657-7604,Avery
Burke Dental,500 E Parker Rd BLDG,Morganton,NC,28655-5113,Burke
East Burke HCCH,560 Malcolm Boulevard,Connelly Springs,NC,28612,Burke
Eastern Burke HCCH,"560 Malcolm Blvd, Apt C",Connelly Springs,NC,28612-7918,Burke
High Country Community Health Avery Medical Site,448 Cranberry St,Newland,NC,28657-8800,Avery
High Country Community Health Mobile Unit,935 State Farm Rd,Boone,NC,28607-4948,Watauga
High Country Community Health Pediatrics,1925 N Bridge St STE 101,Elkin,NC,28621-2105,Surry
High Country Community Health Primedical,240 Highway 105 Ext STE 100,Boone,NC,28607-4291,Watauga
High Country Community Health Watauga Center,935 State Farm Rd Bldg,Boone,NC,28607-4948,Watauga
High Country Community Health Watauga Dental,108 Doctors Dr,Boone,NC,28607-5000,Watauga
Morganton OIfice 301 E Meeting Street,301 E Meeting St,Morganton,NC,28655-3593,Burke
CIHA HOSPITAL,1 Hospital Rd,Cherokee,NC,28719-9253,Swain
Tsali Care Center,59 Echota Church Rd,Cherokee,NC,28719-9702,Swain
Analenisgi Recovery Center,375 Sequoyah Trl,Cherokee,NC,28719,Swain
Mobile Area Health Center #2,111 S Fairview Rd,Rocky Mount,NC,27801-6971,Edgecombe
Mobile Area Health Clinic (MAHC),111 S Fairview Rd,Rocky Mount,NC,27801-6971,Edgecombe
OIC Family Medical Center,111 S Fairview Rd,Rocky Mount,NC,27801-6971,Edgecombe
OIC Family Medical Center at Community Health ...,1041 Noell Ln,Rocky Mount,NC,27804-2058,Nash
OIC Family Medical Center at Happy Hill,300 N Grace St,Rocky Mount,NC,27804-5345,Nash
OIC FMC Guardian Court,90 Guardian Ct,Rocky Mount,NC,27804-3017,Nash
OIC Headquarters,402 E Virginia St,Rocky Mount,NC,27801-3454,Edgecombe
OIC Specialty Care Center,260 Albemarle Ave,Rocky Mount,NC,27801-5303,Edgecombe
OIC Sunset Avenue,2309 Sunset Ave,Rocky Mount,NC,27804-2529,Nash
Advance Community Health - Mobile Services,187 High House Rd,Cary,NC,27511-6715,Wake
APEX,212 S Salem St,Apex,NC,27502-1825,Wake
CARY at DORCAS PLAZA,173 High House Rd,Cary,NC,27511-6715,Wake
FUQUAY-VARINA,130 N Judd Pkwy NE,Fuquay Varina,NC,27526-2367,Wake
Horizon at Oak City Cares,1430 S Wilmington St,Raleigh,NC,27603-2526,Wake
LOUISBURG,111 S Church St,Louisburg,NC,27549-2501,Franklin
SOUTHEAST RALEIGH -  ADMINISTRATION,1001 Rock Quarry Rd,Raleigh,NC,27610-3825,Wake
SOUTHEAST RALEIGH - SOUTH,1011 Rock Quarry Rd,Raleigh,NC,27610-3825,Wake
St. Augustine University CarePlex,1315 Oakwood Ave,Raleigh,NC,27610-2247,Wake
"CIHA Deten Cent Clinic, Cherokee Justice Center",Seven Clans Ln,Whittier,NC,28789,Jackson
VIDANT FAMILY MEDICINE PINETOPS,1473 Nc 42 43 W,Pinetops,NC,27864-7188,Edgecombe
The Snowbird Health Clinic,96 Indian School Rd,Robbinsville,NC,28771-7985,Graham
CCHD - Craven County Community Health Center,2818 Neuse Blvd,New Bern,NC,28562-2850,Craven
Craven County Community Health Center- Havelock,508 US Highway 70 W,Havelock,NC,28532-9510,Craven
Administrative Office,141 Asheland Ave STE 300,Asheville,NC,28801-4050,Buncombe
Appalachian Mountain Community Health Centers ...,419 Mcdowell St,Asheville,NC,28803-2610,Buncombe
Appalachian Mountain Community Health Centers ...,711 New Leicester Hwy,Asheville,NC,28806-1048,Buncombe
Dale Fell Community Health Center,77 Mcdowell St,Asheville,NC,28801-4435,Buncombe
Dale Fell Health Center,7 Mcdowell St STE 200,Asheville,NC,28801-4136,Buncombe
Leicester Community Health Center,711 New Leicester Hwy,Asheville,NC,28806-1048,Buncombe
Leicester Community Health Center,711 New Leicester Hwy,Asheville,NC,28806-1048,Buncombe
May's Care Center,225 Patton Ave,Asheville,NC,28801-2641,Buncombe
Peachtree Community Health Center,"4048 E US 64 Alt, Ste 1",Murphy,NC,28906-6966,Cherokee
Sylva Community Health Center,154 Medical Park Loop STE A,Sylva,NC,28779-5271,Jackson
Tallulah Community Health Center,409 Tallulah Rd,Robbinsville,NC,28771-8500,Graham
Hominy Valley Health Center,1914 Smoky Park Hwy,Candler,NC,28715-9367,Buncombe
McDowell County Health Center,136 Creekview Ct,Marion,NC,28752-6519,McDowell
McDowell High School,600 Mcdowell High Dr,Marion,NC,28752-9131,McDowell
Minnie Jones Health Center,257 Biltmore Ave,Asheville,NC,28801-4120,Buncombe
WNCCHS - East McDowell Middle School,676 State St,Marion,NC,28752-4033,McDowell
WNCCHS - West McDowell Middle School,346 W McDowell Jr High Sch Rd,Marion,NC,28752-6203,McDowell
WNCCHS – Medical/Dental Mobile Unit,257 Biltmore Ave,Asheville,NC,28801-4120,Buncombe
WNCCHS Administration,15 Turtle Creek Dr Ste 29,Asheville,NC,28803-3152,Buncombe
Appalachian District Health Center - Alleghany...,157 Health Services Rd,Sparta,NC,28675-3000,Alleghany
Appalachian District Health Center - Top Dog S...,255 Northwest Ln,Warrensville,NC,28693-9244,Ashe
Appalachian District Health Department Dental ...,225 Court St,Jefferson,NC,28640,Ashe
AppHealthCare -Ashe Health Center,413 Mcconnell St,Jefferson,NC,28640-9772,Ashe
CARRBORO COMMUNITY HEALTH CENTER,301 Lloyd St,Carrboro,NC,27510-1823,Orange
Chapel Hill Community Health Center,107 Conner Dr STE 100,Chapel Hill,NC,27514-7112,Orange
CHARLES DREW COMMUNITY HEALTH CENTER,221 N Graham Hopedale Rd,Burlington,NC,27217-2971,Alamance
IFC Community Health Center,1315 Martin Luther King Jr Blvd,Chapel Hill,NC,27514-6605,Orange
MONCURE COMMUNITY HEALTH CENTER,7228 Moncure Pittsboro Rd,Moncure,NC,27559-9595,Chatham
PHS Facilities,140 Main St,Prospect Hill,NC,27314-9436,Caswell
Piedmont Health Mobile Unit,301 Lloyd St,Carrboro,NC,27510-1823,Orange
Piedmont Health SeniorCare Burlington Communit...,1214 Vaughn Rd,Burlington,NC,27217-2863,Alamance
Piedmont Health SeniorCare Pittsboro,163 Chatham Business Dr,Pittsboro,NC,27312-9726,Chatham
"PIEDMONT HEALTH SERVICES, INC.",299 Lloyd St,Carrboro,NC,27510-1821,Orange
"Piedmont Health Services, Inc. Administrative ...",88 Vilcom Center Dr STE 110,Chapel Hill,NC,27514-1660,Orange
Prospect Hill Community Health Center,322 Main St,Prospect Hill,NC,27314-9438,Caswell
SCOTT COMMUNITY HEALTH CENTER,5270 Union Ridge Rd,Burlington,NC,27217-7594,Alamance
SILER CITY COMMUNITY HEALTH CENTER,224 S 10th Ave,Siler City,NC,27344-2779,Chatham
Sylvan Community Health Center,7718 Sylvan Rd,Snow Camp,NC,27349-9504,Alamance
Comm Well Health of Newton Grove/Spivey&#39;s ...,1508 Maple Grove Church Rd STE A,Dunn,NC,28334-7688,Sampson
CommWell Health - Four Oaks Operations Center,6114 US Highway 301 S,Four Oaks,NC,27524-7417,Johnston
CommWell Health Discount Pharmacy,3261 Easy St,Dunn,NC,28334-7990,Sampson
CommWell Health Mobile Dental - Unit 1,1508 Maple Grove Church Rd UNIT 1,Dunn,NC,28334-7688,Sampson
CommWell Health Mobile Health Care – Unit 2,6114 US Highway 301 S,Four Oaks,NC,27524-7417,Johnston
CommWell Health of Bolivia,4311 Old Ocean Hwy,Bolivia,NC,28422-8637,Brunswick
CommWell Health of Dublin - Dental,73 Dixon St,Elizabethtown,NC,28337,Bladen
CommWell Health of Harrells,194 Tomahawk Hwy,Harrells,NC,28444-9765,Sampson
CommWell Health of McGee's Crossroads,70 Crape Myrtle Dr STE 104,Benson,NC,27504-8034,Johnston
CommWell Health of Newton Grove / Spivey&#39;s...,1480 Maple Grove Church Rd,Dunn,NC,28334-7692,Sampson
CommWell Health of Newton Grove/Spivey&#39;s C...,1508 Maple Grove Church Rd STE B,Dunn,NC,28334-7688,Sampson
CommWell Health of Newton Grove/Spivey's Corner,3331 Easy St,Dunn,NC,28334-7988,Sampson
CommWell Health of Ocean Isle Beach - Dental,1525 Ocean Isle Beach Rd SW,Shallotte,NC,28470,Brunswick
CommWell Health of Penderlea,5531 Eleanor Roosevelt Ln,Willard,NC,28478-6621,Pender
CommWell Health of Salemburg,500 S Fayetteville St,Salemburg,NC,28385-8406,Sampson
CommWell Health of Shallotte - Medical,341 Whiteville Rd NW,Shallotte,NC,28470-4507,Brunswick
CommWell Health of Smithfield,507 N Brightleaf Blvd STE 209,Smithfield,NC,27577-4405,Johnston
CommWell Health of Tar Heel,16526 Nc Highway 87 W,Tar Heel,NC,28392-8608,Bladen
"Gateway Community Health Centers, Inc",501 Main St,Gatesville,NC,27938-9424,Gates
"Gateway Community Health Centers, Inc.",2869 Virginia Rd,Tyner,NC,27980-9777,Chowan
"Gateway Community Health Centers, Inc.",088 US Highway 158 W,Gatesville,NC,27938-9438,Gates
"Gateway Community Health Centers, Inc.",201 E Ehringhaus St,Elizabeth City,NC,27909,Pasquotank
"Gateway Community Health Centers, Inc. Mobile ...",501 Main St,Gatesville,NC,27938-9424,Gates
Dr. A. J. Robinson Health Center,800 Martin Luther King Jr Dr,Lumberton,NC,28358-6937,Robeson
Grace Court Behavioral Health Therapeutic Center,3750 Meadow View Rd STE A1,Lumberton,NC,28358-1914,Robeson
JULIAN T. PIERCE HEALTH CENTER,307 E Wardell Dr,Pembroke,NC,28372-7998,Robeson
MAXTON MEDICAL CENTER,610 E Dr Martin Luther King Jr Dr,Maxton,NC,28364-1800,Robeson
New Construction - New Lumberton Health Center,1309 E 5th St,Lumberton,NC,28358-6031,Robeson
Our House Behavioral Health Therapeutic Center,309 E Wardell Dr STE A,Pembroke,NC,28372-7998,Robeson
Red Springs Health Center,302 Mount Tabor Rd,Red Springs,NC,28377-6415,Robeson
RHCC Mobile Unit,307 E Wardell Dr,Pembroke,NC,28372-7998,Robeson
Robeson Health Care Corporation,60 Commerce Dr,Pembroke,NC,28372,Robeson
Scotland Health Center,507 Lauchwood Dr,Laurinburg,NC,28352-5502,Scotland
SOUTH ROBESON MEDICAL CENTER,1212 S Walnut St,Fairmont,NC,28340-1848,Robeson
St. Pauls Health Center,128 E Broad St,Saint Pauls,NC,28384-1610,Robeson
"ANSON REGIONAL MEDICAL SERVICES, INC.",203 Salisbury St,Wadesboro,NC,28170-2155,Anson
ARMS Union,1328 Patterson St,Monroe,NC,28112-4348,Union
MISSION HEALTH MAUZY-PHILLIPS CENTER,189 Hospital Dr,Spruce Pine,NC,28777-3035,Mitchell
HEALTH PLUS OF THE MCDOWELL HOSP,472 Rankin Dr,Marion,NC,28752-6568,McDowell
BLUE RIDGE MEDICAL CENTER - YANCEY CAMPUS,800 Medical Campus Dr,Burnsville,NC,28714-9010,Yancey
MISSION HEALTH CENTER,387 US 70 W,Marion,NC,28752-6202,McDowell
CIHA Snowbird Clinic,96 Indian School Rd,Robbinsville,NC,28771-7985,Graham
The Cherokee County Clinic,328 Airport Rd,Marble,NC,28905-8878,Cherokee
Adult Health Clinic/Cumberland County Health D...,1235 Ramsey St,Fayetteville,NC,28301-4401,Cumberland
STEDMAN FAMILY DENTAL CENTER,6540 Clinton Rd,Stedman,NC,28391-8846,Cumberland
WADE FAMILY MEDICAL CENTER,7118 Main St,Wade,NC,28395-9749,Cumberland
Wade Family Medical Center - Downtown,2313 Murchison Rd,Fayetteville,NC,28301-3517,Cumberland
Wade Family Medical Center-Downtown,2409B Murchison Rd,Fayetteville,NC,28301-3519,Cumberland
FAMILY MEDICINE-NEBO,339 Nebo School Rd,Nebo,NC,28761-6848,McDowell
Hot Springs Medical Center,66 NW US 25 70 Hwy,Hot Springs,NC,28743-9642,Madison
Laurel Medical Center,80 Guntertown Rd,Marshall,NC,28753-7806,Madison
Mars Hill Medical Center,119 Mountain View Rd,Mars Hill,NC,28754-9500,Madison
Mashburn Medical Center,590 Medical Park Dr,Marshall,NC,28753-6807,Madison
Rural Health Group Administration,500 Jackson St,Roanoke Rapids,NC,27870-2602,Halifax
Rural Health Group at Drugco Express,1096 E 10th St,Roanoke Rapids,NC,27870-3052,Halifax
Rural Health Group at Enfield,114 Market St,Enfield,NC,27823-1423,Halifax
Rural Health Group at GCP,320 Pleasant Hill Rd,Gaston,NC,27832-9511,Northampton
Rural Health Group at Halifax Community College,100 College Dr BLDG 700,Weldon,NC,27890-1121,Halifax
Rural Health Group at Halifax Medical Specialist,270 Smith Church Rd,Roanoke Rapids,NC,27870-4914,Halifax
Rural Health Group at Henderson and Dental,100 W Parkview Dr,Henderson,NC,27536-5923,Vance
Rural Health Group at HRMC,250 Smith Church Rd,Roanoke Rapids,NC,27870-4914,Halifax
Rural Health Group at Jackson,9425 Nc Highway 305,Jackson,NC,27845-9679,Northampton
Rural Health Group at Lake Gaston,108 Mosby Ave,Littleton,NC,27850-9411,Halifax
Rural Health Group at Norlina,110 Division St,Norlina,NC,27563-9041,Warren
Rural Health Group at Rich Square,200 S Main St,Rich Square,NC,27869-9582,Northampton
Rural Health Group at Roanoke Rapids,2066 Nc Highway 125,Roanoke Rapids,NC,27870-9436,Halifax
Rural Health Group at Scotland Neck,919 Jr High School Rd,Scotland Neck,NC,27874-1219,Halifax
Rural Health Group at Stovall,100 Durham,Stovall,NC,27582-9602,Granville
Rural Health Group at Twin County,204 Evans Rd,Hollister,NC,27844-9247,Halifax
Rural Health Group at Whitakers,105 NE Railroad St,Whitakers,NC,27891-7515,Edgecombe
Rural Health Group Corporate Headquarters,717 Old Farm Rd S,Roanoke Rapids,NC,27870-5032,Halifax
Rural Health Group Dental at Jackson,9409 NC Highway 305,Jackson,NC,27845-9679,Northampton
Rural Health Group Pediatrics and Dental,2064 NC Highway 125,Roanoke Rapids,NC,27870-9436,Halifax
Rural Health Group Women's Health,1381 Medical Center Dr,Roanoke Rapids,NC,27870-5130,Halifax
Wilkes Community Health Center (Wilkes County ...,306 College St,Wilkesboro,NC,28697-2854,Wilkes
Wilkes Health School Based Health Mobile Van,306 College St,Wilkesboro,NC,28697-2854,Wilkes
Carolina Family Ancillary Services,211 Vance St E,Wilson,NC,27893-4117,Wilson
Carolina Family Dental Center,8282 NC 58 S,Elm City,NC,27822-8079,Nash
"Carolina Family Health Centers, Inc.",303 Green St E,Wilson,NC,27893-4105,Wilson
Carolina Family Mobile Unit,303 Green St E,Wilson,NC,27893-4105,Wilson
Carolina Family Patient Support Services,108 Nash St SW,Wilson,NC,27893-3956,Wilson
Freedom Hill Community Health Center,162 NC Highway 33 E,Tarboro,NC,27886-8582,Edgecombe
Harvest Family Health Center,8250 Nc 58 S,Elm City,NC,27822-8079,Nash
Wilson Community Health Center,303 Green St E,Wilson,NC,27893-4105,Wilson
HOKE FAMILY MEDICAL CENTER,405 S Main St,Raeford,NC,28376-3222,Hoke
CIHA Dental Surgery,60 Hospital Rd,Sylva,NC,28779-2722,Jackson
Engelhard Medical Center,33270 US Highway 264,Engelhard,NC,27824-9557,Hyde
Manteo Community Health Center,402 Budleigh St,Manteo,NC,27954,Dare
Ocracoke Health Center,305 Back Rd,Ocracoke,NC,27960-1007,Hyde
Charlotte Community Health Clinic,"8401 Medical Plaza Dr, Ste 300",Charlotte,NC,28262-8702,Mecklenburg
Charlotte Community Health Clinic - Express Care,3622 Central Ave,Charlotte,NC,28205-5638,Mecklenburg
Charlotte Community Health Clinic - University,8401 Medical Plaza Dr STE 200,Charlotte,NC,28262-8701,Mecklenburg
Charlotte Community Health Clinic West,5301 Wilkinson Blvd,Charlotte,NC,28208-5455,Mecklenburg
ANDERSON CREEK FAMILY DENTISTRY,6720 Overhills Rd,Spring Lake,NC,28390-8872,Harnett
ANDERSON CREEK MEDICAL CENTER,6750 Overhills Rd,Spring Lake,NC,28390-8872,Harnett
ANGIER MEDICAL CENTER,84 Medical Dr,Angier,NC,27501-6087,Harnett
BENHAVEN MEDICAL CENTER,985 Nc 87 S,Cameron,NC,28326-7520,Harnett
First Choice Community Health Centers at Lilli...,40 Autumn Fern Trl,Lillington,NC,27546-5155,Harnett
First Choice Community Health Centers Mobile D...,40 Autumn Fern Trl,Lillington,NC,27546-5155,Harnett
First Choice Community Health Centers Mobile M...,40 Autumn Fern Trl,Lillington,NC,27546-5155,Harnett
Catawba Valley Family Medicine - Claremont,3114 W Main St,Claremont,NC,28610-9609,Catawba
Catawba Valley Family Medicine - Maiden,137 Island Ford Rd,Maiden,NC,28650-8735,Catawba
Catawba Valley Family Medicine - Mountain View,2712 S NC 127 Hwy,Hickory,NC,28602-9130,Catawba
Catawba Valley Family Medicine - Northeast Hic...,2365 Springs Rd NE,Hickory,NC,28601-3067,Catawba
Catawba Valley Family Medicine - Taylorsville,50 Macedonia Church Rd,Taylorsville,NC,28681-8414,Alexander
Catawba Valley Family Medicine– Graystone,3511 Graystone Pl,Conover,NC,28613,Catawba
Iredell Psychiatry,766 Hartness Rd,Statesville,NC,28677-3479,Iredell
Kintegra  Integrated Medicine  - Statesville,1703 Davie Ave,Statesville,NC,28677-3521,Iredell
Kintegra Adult and Pediatric Medicine - XRay Dr,2721 X Ray Dr,Gastonia,NC,28054-7491,Gaston
Kintegra at  Woodhill Elementary,1027 Woodhill Dr,Gastonia,NC,28054-2466,Gaston
Kintegra at A Woman's View,915 Tate Blvd SE,Hickory,NC,28602-4042,Catawba
Kintegra at Arndt Middle School,34th St Dr NE,Hickory,NC,28601,Catawba
Kintegra at Balls Creek Elementary,2620 Balls Creek Rd,Newton,NC,28658-8109,Catawba
Kintegra at Bandys High,5040 E Bandys Xrd,Catawba,NC,28609-8075,Catawba
Kintegra at Battleground Elementary,301 Jeb Seagle Dr,Lincolnton,NC,28092-2168,Lincoln
Kintegra at Belmont Central Elementary,310 Eagle Rd,Belmont,NC,28012-3721,Gaston
Kintegra at Belmont Middle School (BMS),1020 S Point Rd,Belmont,NC,28012-8533,Gaston
Kintegra at Bunker Hill High,4675 Oxford School Rd,Claremont,NC,28610-9468,Catawba
Kintegra at Burns Middle School,215 Shady Grove Rd,Lawndale,NC,28090-8254,Cleveland
Kintegra at CaroMont Womens Health - Ashley,1225 E Garrison Blvd,Gastonia,NC,28054-5115,Gaston
Kintegra at CaroMont Womens Health - Summit,620 Summit Crossing Pl,Gastonia,NC,28054-2176,Gaston
Kintegra at Carr Elementary,307 S Pine St,Dallas,NC,28034-1953,Gaston
Kintegra at Catawba Rosenwald Education Center,403 6th Ave SW,Catawba,NC,28609-7811,Catawba
Kintegra at Catawba Springs Elementary,206 N Little Egypt Rd,Denver,NC,28037-8015,Lincoln
Kintegra at Catawba Valley Community College,2550 US Highway 70 SE Ste,Hickory,NC,28602-8302,Catawba
Kintegra at Catawba Women's Center,1501 Tate Blvd SE,Hickory,NC,28602-1384,Catawba
Kintegra at Central Davie Academy,160 Martin Luther King Jr Rd,Mocksville,NC,27028-7780,Davie
Kintegra at Challenger High School,2550 US Highway 70 SE,Hickory,NC,28602-8302,Catawba
Kintegra at Claremont Elementary,3384 E Main St,Claremont,NC,28610-8665,Catawba
Kintegra at Cleveland Community College,137 S Post Rd,Shelby,NC,28152-6224,Cleveland
Kintegra at Cleveland County Public Health,200 S Post Rd,Shelby,NC,28152-6269,Cleveland
Kintegra at Cooleemee Elementary,136 Marginal St,Cooleemee,NC,27014-0168,Davie
Kintegra at Cornatzer Elementary,529 Cornatzer Rd,Mocksville,NC,27028-7129,Davie
Kintegra at Costner Elementary,353 Old Nc 277 Loop Rd,Dallas,NC,28034-9795,Gaston
Kintegra at Davie County Early College,1211 Salisbury Rd,Mocksville,NC,27028-9302,Davie
Kintegra at Davie County High,180 War Eagle Dr,Mocksville,NC,27028-6151,Davie
Kintegra at Discovery High,301 W 18th St,Newton,NC,28658-2927,Catawba
Kintegra at Fred T Foard HIgh,3407 Plateau Rd,Newton,NC,28658-8809,Catawba
Kintegra at G E Massey Elementary,130 Newbold St,Lincolnton,NC,28092-3906,Lincoln
Kintegra at Grandview Middle,451 Catawba Valley Blvd,Hickory,NC,28602-9631,Catawba
Kintegra at Hershal H Beam Elementary,200 Davis Park Rd,Gastonia,NC,28052-0116,Gaston
Kintegra at Hickory Career &amp; Arts Magnet,409 8th Ave NE,Hickory,NC,28601-3943,Catawba
Kintegra at Hickory High,1234 3rd St NE,Hickory,NC,28601-2605,Catawba
Kintegra at Holbrook Middle School,418 S Church St,Lowell,NC,28098-1806,Gaston
Kintegra at Iredell County Health Department,318 Turnersburg Hwy,Statesville,NC,28625-2798,Iredell
Kintegra at Iron Station Elementary,4207 E Highway 27,Iron Station,NC,28080-8701,Lincoln
Kintegra at Jacob&#39;s Fork Middle School,3431 Plateau Rd,Newton,NC,28658-8809,Catawba
Kintegra at Jenkins Elementary,3750 N Center St,Hickory,NC,28601-8089,Catawba
Kintegra at Jonesville Elementary,101 Cedarbrook Rd,Jonesville,NC,28642-2405,Yadkin
Kintegra at Kings Mountain Intermediate,227 Kings Mountain Blvd,Kings Mountain,NC,28086,Cleveland
Kintegra at Longview Elementary,737 12th St SW,Hickory,NC,28602-3120,Catawba
Kintegra at Love Memorial Elementary,1463 Love Memorial School Rd,Lincolnton,NC,28092-7091,Lincoln
Kintegra at Maiden High,600 W Main St,Maiden,NC,28650-1146,Catawba
Kintegra at Maiden Middle School,518 N C Ave,Maiden,NC,28650-1171,Catawba
Kintegra at McAdenville Elementary,275 Wesleyan Dr,Mc Adenville,NC,28101-9003,Gaston
Kintegra at Mill Creek Middle School,1041 Shiloh Rd,Claremont,NC,28610-9202,Catawba
Kintegra at Mitchell Community College,500 W Broad St,Statesville,NC,28677-5264,Iredell
Kintegra at Mocksville Elementary,295 Cemetery St,Mocksville,NC,27028-2103,Davie
Kintegra at New Hope Elementary,137 Stowe Rd,Gastonia,NC,28056-8560,Gaston
Kintegra at Newton Conover High,338 W 15th St,Newton,NC,28658-2906,Catawba
Kintegra at Newton-Conover Middle,873 Northern Dr NW,Conover,NC,28613-6513,Catawba
Kintegra at Norris S Childers Elementary,2595 Rock Dam Rd,Lincolnton,NC,28092-6803,Lincoln
Kintegra at North Belmont Elementary,210 School St,Belmont,NC,28012-2123,Gaston
Kintegra at North Brook Elementary,642 Highway 274,Vale,NC,28168-7435,Lincoln
Kintegra at North Davie Middle,497 Farmington Rd,Mocksville,NC,27028-7639,Davie
Kintegra at North Gaston High School,1133 Ratchford Dr,Dallas,NC,28034-6500,Gaston
Kintegra at North Newton Elementary,221 W 26th St,Newton,NC,28658-2821,Catawba
Kintegra at Northview Middle,302 28th Ave NE,Hickory,NC,28601-1116,Catawba
Kintegra at Oakwood Elementary,366 4th St NW,Hickory,NC,28601-4920,Catawba
Kintegra at Oxford Elementary,5915 Oxford School Rd,Claremont,NC,28610-8112,Catawba
Kintegra at Page Primary,215 Ewing Dr,Belmont,NC,28012-4130,Gaston
Kintegra at Piedmont Elementary,119 E 2nd Ave,Gastonia,NC,28052-4370,Gaston
Kintegra at Piedmont HealthCare Womens Center,1804 Davie Ave,Statesville,NC,28677-3524,Iredell
Kintegra at Piedmont High,2596 Robinwood Rd,Gastonia,NC,28054-5877,Gaston
Kintegra at Piedmont Middle School,2970 S New Hope Rd,Gastonia,NC,28056-8320,Gaston
Kintegra at Pinebrook Elementary,477 Pinebrook School Rd,Mocksville,NC,27028-7749,Davie
Kintegra at Pleasant Ridge Elementary,1260 Floyd Ln,Gastonia,NC,28052-5444,Gaston
Kintegra at Riverbend Middle School,4670 Oxford School Rd,Claremont,NC,28610-9468,Catawba
Kintegra at Rock Springs Elementary,3633 N Nc 16 Business Hwy,Denver,NC,28037-8268,Lincoln
Kintegra at S Ray Lowder Elementary,350 Kennedy Dr,Lincolnton,NC,28092-3216,Lincoln
Kintegra at Shady Grove Elementary,3179 Cornatzer Rd,Advance,NC,27006-7212,Davie
Kintegra at Shuford Elementary,810 Hunsucker Dr NE,Conover,NC,28613-7578,Catawba
Kintegra at South Davie Middle,197 S Davie Dr,Mocksville,NC,27028-2927,Davie
Kintegra at South Newton Elementary,306 W I St,Newton,NC,28658-3534,Catawba
Kintegra at South Point High,906 South Point Rd,Belmont,NC,28012-9536,Gaston
Kintegra at Southwest Elementary,1580 32nd St SW,Hickory,NC,28602-4633,Catawba
Kintegra at St James Elementary,1774 Saint James Church Rd,Denver,NC,28037-7515,Lincoln
Kintegra at St Stephens HIgh,3205 34th Street Dr NE,Hickory,NC,28601-7702,Catawba
Kintegra at St. Stephens Elementary,684 30th St NE,Conover,NC,28613-8254,Catawba
Kintegra at Starmount Middle,2626 Longtown Rd,Boonville,NC,27011-8864,Yadkin
Kintegra at Stowe Family YMCA,196 Ymca Dr,Belmont,NC,28012-4710,Gaston
Kintegra at Stuart Cramer High,101 Lakewood Rd,Belmont,NC,28012-2973,Gaston
Kintegra at Tryon Elementary,2620 Tryon Courthouse Rd,Bessemer City,NC,28016-7646,Gaston
Kintegra at Turning Point Academy,409 W Sumter St,Shelby,NC,28150-4326,Cleveland
Kintegra at Union Elementary,4875 Reepsville Rd,Vale,NC,28168-9771,Lincoln
Kintegra at Viewmont Elementary,21 16th Ave NW,Hickory,NC,28601-2533,Catawba
Kintegra at W C Friday Middle,1221 Ratchford Dr,Dallas,NC,28034-7599,Gaston
Kintegra at Warlick Academy,1316 Spencer Mountain Rd,Gastonia,NC,28054-3045,Gaston
Kintegra at Warlick Family YMCA,2221 Robinwood Rd,Gastonia,NC,28054-5848,Gaston
Kintegra at Washington Elementary,1907 Stony Point Rd,Shelby,NC,28150-9602,Cleveland
Kintegra at Webb A. Murray Elementary,3901 Section House Rd,Hickory,NC,28601-9392,Catawba
Kintegra at West Lincoln Middle,260 Shoal Rd,Lincolnton,NC,28092-0773,Lincoln
Kintegra at William Ellis Middle,144 William Ellis Dr,Advance,NC,27006-7990,Davie
Kintegra at William R. Davie Elementary,3437 US Highway 601 N,Mocksville,NC,27028-6259,Davie
Kintegra at Yadkinville Elementary,305 N State St,Yadkinville,NC,27055-5245,Yadkin
Kintegra Behavioral Health - Gastonia,409 S Oakland St,Gastonia,NC,28052-4312,Gaston
Kintegra Behavioral Health - Hickory,858 2nd St NE,Hickory,NC,28601-3877,Catawba
Kintegra Behavioral Health - Mocksville,172 S Clement St,Mocksville,NC,27028-2336,Davie
Kintegra Behavioral Health - Riverwood,3050 Riverwood Pkwy STE B,Gastonia,NC,28056-6002,Gaston
Kintegra Customer Support,613 E Franklin Blvd,Gastonia,NC,28054-7150,Gaston
Kintegra Family Dentistry - Asheboro,308 Brewer St,Asheboro,NC,27203-4896,Randolph
Kintegra Family Dentistry - Hickory,3070 11th Avenue Dr SE,Hickory,NC,28602-8336,Catawba
Kintegra Family Dentistry - Lexington,32 Kirkwood Ave,Lexington,NC,27292-4024,Davidson
Kintegra Family Dentistry - Lincolnton,111 Doctors Park,Lincolnton,NC,28092-4407,Lincoln
Kintegra Family Dentistry - Mocksville,100 Ridgeview Dr,Mocksville,NC,27028-2020,Davie
Kintegra Family Dentistry - Randolph HD,2222 S Fayetteville St,Asheboro,NC,27205-7368,Randolph
Kintegra Family Medicine  - Thomasville,611 Randolph St,Thomasville,NC,27360-5126,Davidson
Kintegra Family Medicine - 3rd Ave,111 E 3rd Ave,Gastonia,NC,28052-4317,Gaston
Kintegra Family Medicine - Asheboro,1831 N Fayetteville St,Asheboro,NC,27203-3273,Randolph
Kintegra Family Medicine - Asheboro White Oak,425 White Oak St,Asheboro,NC,27203-4707,Randolph
Kintegra Family Medicine - Bessemer City,119 W Pennsylvania Ave,Bessemer City,NC,28016-2635,Gaston
Kintegra Family Medicine - Boiling Springs,305 W College Ave,Shelby,NC,28152-8111,Cleveland
Kintegra Family Medicine - Fallston,5009 Fallston Rd,Lawndale,NC,28090-9585,Cleveland
Kintegra Family Medicine - Hickory,133 1st Ave SE,Hickory,NC,28602-3005,Catawba
Kintegra Family Medicine - Highland,609 N Highland St,Gastonia,NC,28052-2179,Gaston
Kintegra Family Medicine - Hudson,991 W Hudson Blvd,Gastonia,NC,28052-6430,Gaston
Kintegra Family Medicine - Kings Mountain West,812 W King St,Kings Mountain,NC,28086-2748,Cleveland
Kintegra Family Medicine - Lexington,420 N Salisbury St,Lexington,NC,27292-3548,Davidson
Kintegra Family Medicine - Lincolnton,212 Gamble Dr,Lincolnton,NC,28092-4421,Lincoln
Kintegra Family Medicine - Mocksville,154 Government Center Dr,Mocksville,NC,27028-6299,Davie
Kintegra Family Medicine - Shelby - Dixon Blvd,1758 E Dixon Blvd,Shelby,NC,28152-6948,Cleveland
Kintegra Family Medicine - Shelby Lee St,114 Lee St,Shelby,NC,28150-3839,Cleveland
Kintegra Family Medicine - Shelby Marketplace,1760 E Dixon Blvd,Shelby,NC,28152-6948,Cleveland
Kintegra Family Medicine - Statesville,1022 Shelton Ave,Statesville,NC,28677-6826,Iredell
Kintegra Health,200 E 2nd Ave,Gastonia,NC,28052-4358,Gaston
Kintegra Health,336 Burtonwood Dr,Gastonia,NC,28054-4054,Gaston
Kintegra Health Admin - Shannon Bradley,1520 Shannon Bradley Rd,Gastonia,NC,28052-9478,Gaston
Kintegra Health Admin - Shelby,808 Schenck St,Shelby,NC,28150-3934,Cleveland
Kintegra Mobile Chiropractic,1022 Shelton Ave,Statesville,NC,28677-6826,Iredell
Kintegra Mobile Dentistry Unit - 5,111 E 3rd Ave,Gastonia,NC,28052-4317,Gaston
Kintegra Mobile Dentistry Unit - Randolph,611 Randolph St,Thomasville,NC,27360-5126,Davidson
Kintegra Mobile Dentistry Unit East,420 N Salisbury St,Lexington,NC,27292-3548,Davidson
Kintegra Mobile Dentistry Unit North,518 Brookdale Dr,Statesville,NC,28677-4108,Iredell
Kintegra Mobile Dentistry Unit South,212 Gamble Dr,Lincolnton,NC,28092-4421,Lincoln
Kintegra Mobile Health,420 N Salisbury St,Lexington,NC,27292-3548,Davidson
Kintegra Mobile Podiatry,2721 X Ray Dr,Gastonia,NC,28054-7491,Gaston
Kintegra Pediatric Dentistry - Gastonia,890 Summit Crossing Pl,Gastonia,NC,28054-2192,Gaston
Kintegra Pediatric Medicine - Shelby,1019 N Lafayette St,Shelby,NC,28150-3746,Cleveland
Kintegra Pediatric Medicine and Kintegra Famil...,518 Brookdale Dr,Statesville,NC,28677-4108,Iredell
Kintegra/SHA at  Ashley Wellness Center,1647 NE Ashley School Cir,Winston Salem,NC,27105-5444,Forsyth
Kintegra/SHA at  Hanes Magnet School,2355 Pleasant St,Winston Salem,NC,27107-4334,Forsyth
Kintegra/SHA at  Winston-Salem Prep Academy,1215 N Cameron Ave,Winston Salem,NC,27101-1816,Forsyth
Kintegra/SHA at Mineral Springs,4555 Ogburn Ave,Winston Salem,NC,27105-2726,Forsyth
Kintegra/SHA at Moore Elementary,451 Knollwood St,Winston Salem,NC,27103-3438,Forsyth
Kintegra/SHA at North Forsyth,5705 Shattalon Dr,Winston Salem,NC,27105-1332,Forsyth
Kintegra/SHA at Petree Elementary,3815 Old Greensboro Rd,Winston Salem,NC,27101-2037,Forsyth
Kintegra/SHA Mobile Medical Unit,4555 Ogburn Ave,Winston Salem,NC,27105-2726,Forsyth
PACE of the Southern Piedmont,6133 The Plaza,Charlotte,NC,28215-2401,Mecklenburg
Senior Total Life Care,1875 Remount Rd,Gastonia,NC,28054-7413,Gaston
Administrative Conference Center,7 Professional Dr,Snow Hill,NC,28580-1332,Greene
GREENE COUNTY STUDENT HEALTH SVR,140 School Dr,Snow Hill,NC,28580-7288,Greene
GREENE DENTAL SERVICES,6 Professional Dr,Snow Hill,NC,28580-1333,Greene
JAMES D. BERNSTEIN MEDICAL CTR,261 Belvoir Rd,Greenville,NC,27834-8661,Pitt
KATE B. REYNOLDS MEDICAL CENTER,205 Martin L King Jr Pkwy,Snow Hill,NC,28580-1320,Greene
Meeting Room @ 302,302 N Greene St,Snow Hill,NC,28580-1412,Greene
Mobile Dental Van,261 Belvoir Hwy,Greenville,NC,27834-8193,Pitt
MOBILE VAN,302 N Greene St,Snow Hill,NC,28580-1412,Greene
Pamlico Community Health Center,313 Main St,Bayboro,NC,28515-9529,Pamlico
Snow Hill Integrated Care Center,1106 Kingold Blvd,Snow Hill,NC,28580-1619,Greene
"Appalachian District Local Health Department, ...",157 Health Services Rd,Sparta,NC,28675-3000,Alleghany
"Black River Health Services, Inc.",301 S Campbell St,Burgaw,NC,28425-5011,Pender
Good Samaritan Clinic,305 W Union St,Morganton,NC,28655-3782,Burke
Good Samaritan Clinic,500 E Parker Rd,Morganton,NC,28655-5113,Burke
Good Samaritan Clinic Mobile Unit.,500 E Parker Rd,Morganton,NC,28655-5113,Burke
NC DEPARTMENT OF HEALTH AND HUMAN SERVICES,311 Ashe Ave,Raleigh,NC,27606-2102,Wake
NC FARMWORKERS PROJECT,1238 NC Highway 50 S,Benson,NC,27504-7882,Johnston
NC Farmworkers Project Mobile Medical Unit,1238 NC Highway 50 S,Benson,NC,27504-7882,Johnston
Piedmont Health Services,140 Main St,Prospect Hill,NC,27314-9436,Caswell
Piedmont Health Services,7228 Moncure Pittsboro Rd,Moncure,NC,27559-9595,Chatham
Piedmont Health Services,322 Main St,Prospect Hill,NC,27314-9438,Caswell
Rural Health Group,100 W Parkview Dr,Henderson,NC,27536-5923,Vance
"Vecinos, Inc",3971 Little Savannah Rd,Cullowhee,NC,28723,Jackson
"Vecinos, Inc.",57 NURTURE LN,Cashiers,NC,28717-6016,Jackson
MCDOWELL OB/GYN MCDOWELL INTERNAL MEDICINE,1633 Sugar Hill Rd,Marion,NC,28752-5239,McDowell
MURPHY GROUP PRACTICE HAYESVILLE,2076 Nc 69,Hayesville,NC,28904-7036,Clay
COMMUNITY HEALTH SERVICES,325 NC Highway 55 W,Mount Olive,NC,28365,Wayne
GMC - CLINTON DENTAL SERVICES,908 N US 421 Hwy,Clinton,NC,28328-0410,Sampson
GMC Elizabethtown Mobile,400 Mercer Mill Rd,Elizabethtown,NC,28337-3951,Bladen
GMC FAISON DENTAL SERVICES,460 SW Center St,Faison,NC,28341-8820,Duplin
GOSHEN MED CTR - LAMBERTS,130 N Center St,Mount Olive,NC,28365-1701,Wayne
GOSHEN MEDICAL CENTER - APEX,1624 White Oak Church Rd,Apex,NC,27523-6071,Wake
GOSHEN MEDICAL CENTER - BOLTON,213 9th St,Bolton,NC,28423-8410,Columbus
GOSHEN MEDICAL CENTER - CAPE FEAR,3613 Cape Center Dr,Fayetteville,NC,28304-4457,Cumberland
GOSHEN MEDICAL CENTER - CHADBOURN,110 N Brown St,Chadbourn,NC,28431-1716,Columbus
GOSHEN MEDICAL CENTER - CLINTON,906 N US 421 Hwy,Clinton,NC,28328-0410,Sampson
GOSHEN MEDICAL CENTER - CLINTON MOBILE UNIT,906 N US 421 Hwy,Clinton,NC,28328-0410,Sampson
GOSHEN MEDICAL CENTER - COLUMBUS PEDIATRICS,800 Jefferson St STE 116,Whiteville,NC,28472-3702,Columbus
GOSHEN MEDICAL CENTER - CORPORATE,412 SW Center St,Faison,NC,28341-8820,Duplin
GOSHEN MEDICAL CENTER - COTTLE HOUSE,432 SW Center St,Faison,NC,28341-8820,Duplin
GOSHEN MEDICAL CENTER - DUNN,801 Tilghman Dr STE A,Dunn,NC,28334-4958,Harnett
GOSHEN MEDICAL CENTER - DUNN MOBILE UNIT,801 Tilghman Dr STE A,Dunn,NC,28334-4958,Harnett
GOSHEN MEDICAL CENTER - DUPLIN,214 Duplin St,Kenansville,NC,28349-9024,Duplin
GOSHEN MEDICAL CENTER - ELIZABETHTOWN,400 Mercer Mill Rd,Elizabethtown,NC,28337-3951,Bladen
GOSHEN MEDICAL CENTER - FAIRVIEW,408 Fairview St,Clinton,NC,28328-2312,Sampson
GOSHEN MEDICAL CENTER - FAYETTEVILLE,1248 Fort Bragg Rd STE 200,Fayetteville,NC,28305-4982,Cumberland
GOSHEN MEDICAL CENTER - FREMONT,109 S Sycamore St,Fremont,NC,27830-8710,Wayne
GOSHEN MEDICAL CENTER - GARLAND,105 Lisbon Ave,Garland,NC,28441-9264,Sampson
GOSHEN MEDICAL CENTER - HAMLET,106 Jefferson St,Hamlet,NC,28345-3100,Richmond
Goshen Medical Center - Hamlet Mobile Unit,106 Jefferson St,Hamlet,NC,28345-3100,Richmond
GOSHEN MEDICAL CENTER - Hampstead Mobile Unit,261 Sloop Point Loop Rd,Hampstead,NC,28443-2618,Pender
GOSHEN MEDICAL CENTER - KENANSVILLE,102 N Main St,Kenansville,NC,28349-8966,Duplin
GOSHEN MEDICAL CENTER - MOBILE DENTAL,460 SW Center St,Faison,NC,28341-8820,Duplin
GOSHEN MEDICAL CENTER - MOBILE MEDICAL,444 SW Center St,Faison,NC,28341-8820,Duplin
GOSHEN MEDICAL CENTER - MOREHEAD CITY,202 Penny Ln,Morehead City,NC,28557-2993,Carteret
Goshen Medical Center - Mount Olive Mobile Unit,325 NC Highway 55 W,Mount Olive,NC,28365-8527,Wayne
Goshen Medical Center - New Bern Mobile,4007 M L King Jr Blvd,New Bern,NC,28562-2243,Craven
GOSHEN MEDICAL CENTER - NEW BERN T,4007 M L King Jr Blvd,New Bern,NC,28562-2243,Craven
GOSHEN MEDICAL CENTER - NEW RIVER,1200 Hargett St,Jacksonville,NC,28540-5933,Onslow
Goshen Medical Center - New River Mobile,1200 Hargett St,Jacksonville,NC,28540-5933,Onslow
GOSHEN MEDICAL CENTER - RAEFORD,102 Southern Ave,Raeford,NC,28376-3218,Hoke
GOSHEN MEDICAL CENTER - RAEFORD Mobile Unit,102 Southern Ave,Raeford,NC,28376-3218,Hoke
GOSHEN MEDICAL CENTER - ROCKINGHAM,125 Biltmore Dr STE 1,Rockingham,NC,28379-5017,Richmond
GOSHEN MEDICAL CENTER - ROSEWOOD,104 Adair Dr APT A,Goldsboro,NC,27530-4516,Wayne
GOSHEN MEDICAL CENTER - SANFORD,2807 S Horner Blvd,Sanford,NC,27332-8037,Lee
GOSHEN MEDICAL CENTER - SANFORD Mobile Unit,2807 S Horner Blvd,Sanford,NC,27332-8037,Lee
GOSHEN MEDICAL CENTER - SOUTHPORT,4654 Long Beach Rd SE,Southport,NC,28461-8799,Brunswick
GOSHEN MEDICAL CENTER - STAR,103 Cotton Creek Rd,Star,NC,27356-7954,Montgomery
GOSHEN MEDICAL CENTER - TABOR CITY,270 N US Highway 701 Byp,Tabor City,NC,28463-9324,Columbus
GOSHEN MEDICAL CENTER - WALLACE,110 Eastwood Dr,Wallace,NC,28466-9201,Duplin
Goshen Medical Center - Warsaw Wellness Center,113 S Pine St,Warsaw,NC,28398-1924,Duplin
GOSHEN MEDICAL CENTER - WHITEVILLE Mobile Unit,5 Whiteville Town Ctr,Whiteville,NC,28472-4401,Columbus
Goshen Medical Center – Support Services,111 NW Center St,Faison,NC,28341-6124,Duplin
Goshen Medical Center Albemarle,1000 N 5th St,Albemarle,NC,28001-3420,Stanly
"GOSHEN MEDICAL CENTER, INC.",444 SW Center St,Mount Olive,NC,28365,Duplin
GOSHEN MEDICAL CENTER-GOLDSBORO,2701 Medical Office Pl,Goldsboro,NC,27534-9458,Wayne
GOSHEN MEDICAL CENTER-WHITEVILLE,5 Whiteville Town Ctr,Whiteville,NC,28472-4401,Columbus
GOSHEN MEDICAL CTR - BEULAVILLE,119 Crossover Rd,Beulaville,NC,28518-8801,Duplin
GOSHEN MEDICAL CTR - WARSAW,603 E College St,Warsaw,NC,28398-2104,Duplin
PLAINVIEW HEALTH SERVICES,360 E Charity Rd,Rose Hill,NC,28458-8303,Duplin
ROSEWOOD DENTAL SERVICES,104C Adair Dr,Goldsboro,NC,27530-4516,Wayne
ROSEWOOD WELLNESS,104B Adair Dr,Goldsboro,NC,27530-4516,Wayne
MedNorth Health Center,925 N 4th St,Wilmington,NC,28401-3450,New Hanover
MedNorth Health Center Administrative Services,307 Harnett St APT A,Wilmington,NC,28401-3058,New Hanover
MedNorth Health Center Administrative Services,"307 Harnett St, Apt B",Wilmington,NC,28401-3058,New Hanover
MedNorth Health Center Administrative Services,"307 Harnett St, Apt C",Wilmington,NC,28401-3058,New Hanover
MedSouth,240 Calhoun Dr,Wilmington,NC,28412-6202,New Hanover
WOLONICK FAMILY PRACTICE CENTER,106 Mcalpine Ln,Laurinburg,NC,28352-4637,Scotland
HARRIS FAMILY PRACTICE,700A Progress Pl,Laurinburg,NC,28352-5545,Scotland
Black River Family Practice,301 S Campbell St,Burgaw,NC,28425-5011,Pender
Black River Health Center,109 W Church St,Atkinson,NC,28421-9230,Pender
Maple Hill Medical Center,4811 NC Hwy 50,Maple Hill,NC,28454-8153,Pender
FCC - Butner,2 Old 75 Hwy,Butner,NC,27509-1632,Granville
Albemarle Correctional Institution,44150 Airport Rd,New London,NC,28127,Stanly
ERLANGER ANDREWS FAMILY PRACTICE,2751 Business 19,Andrews,NC,28901-8097,Cherokee
A.C. Reynolds Middle School,2 Rocket Dr,Asheville,NC,28803-9100,Buncombe
MAEHC at Asheville High,419 Mcdowell St,Asheville,NC,28803-2610,Buncombe
MAHEC at A.C. Reynolds High School,1 Rocket Dr,Asheville,NC,28803,Buncombe
MAHEC at Charles C. Bell Elementary School,90 Maple Springs Rd,Asheville,NC,28805-2034,Buncombe
MAHEC at East McDowell Middle,676 State St,Marion,NC,28752-4033,McDowell
MAHEC at Eastfield Global Magnet,170 Eastfield School Rd,Marion,NC,28752-5664,McDowell
MAHEC at Estes Elementary,275 Overlook Rd,Asheville,NC,28803-3316,Buncombe
MAHEC at Fairview Elementary,1355 Charlotte Hwy,Fairview,NC,28730-1400,Buncombe
MAHEC at Koontz Intermediate,305 Overlook Rd,Asheville,NC,28803-3318,Buncombe
MAHEC at McDowell Academy &amp; Early College,54 College Dr,Marion,NC,28752-8728,McDowell
MAHEC at McDowell High School,600 Mcdowell High Dr,Marion,NC,28752-9131,McDowell
MAHEC at Nebo Elementary,254 Nebo School Rd,Nebo,NC,28761-6847,McDowell
MAHEC at Nesbitt Discovery Academy,175 Bingham Rd,Asheville,NC,28806-3800,Buncombe
MAHEC at Old Fort Elementary,128 Mauney Ave,Old Fort,NC,28762-6723,McDowell
MAHEC at Weaverville Elementary School,129 S Main St,Weaverville,NC,28787-9207,Buncombe
MAHEC at West Marion Elementary,820 Marler Rd,Marion,NC,28752-9693,McDowell
MAHEC at West McDowell Middle,346 W McDowell Jr High Sch Rd,Marion,NC,28752-6203,McDowell
MAHEC Cane Creek Primary Care Center,1542 Cane Creek Rd,Fletcher,NC,28732-7423,Buncombe
MAHEC Center for Psychiatry and Mental Wellness,125 Hendersonville Rd,Asheville,NC,28803-2868,Buncombe
MAHEC Family Health Center | Internal Medicine...,123 Hendersonville Rd,Asheville,NC,28803-2868,Buncombe
MAHEC Family Health Center at Deerfield,29 Highbridge Xing,Asheville,NC,28803-3496,Buncombe
MAHEC Family Health Center at Enka/Candler,25 Westridge Market Pl,Candler,NC,28715-9174,Buncombe
MAHEC Family Health Center at Givens,600 Barrett Ln,Asheville,NC,28803-6000,Buncombe
MAHEC Newbridge Primary Care Center,218 Elkwood Ave STE 102,Asheville,NC,28804-2212,Buncombe
MAHEC OBGYN Specialists,119 Hendersonville Rd,Asheville,NC,28803-2868,Buncombe
Alexander Correctional Institution,633 Old Landfill Rd,Taylorsville,NC,28681-8420,Alexander
Anson Correctional Institution,552 Prison Camp Rd,Polkton,NC,28135-6118,Anson
Avery-Mitchell Correctional Institution,600 Amity Park Rd,Spruce Pine,NC,28777-6211,Avery
Bertie Correctional Institution,218 Cooper Hill Rd,Windsor,NC,27983-8501,Bertie
CAPE FEAR VALLEY-BLADEN MEDICAL ASSOCIATES,300A E Mckay St,Elizabethtown,NC,28337-9037,Bladen
MAXTON FAMILY PRACTICE CENTER,1001 W Dr Martin Luther King Jr Dr,Maxton,NC,28364-8385,Robeson
Caswell Correctional Center,444 County Home Rd,Blanch,NC,27212-8488,Caswell
Columbus Correctional Institution,1255 Prison Camp Rd,Whiteville,NC,28472-4887,Columbus
Craggy Correctional Center,22 Canoe Ln,Asheville,NC,28804-8612,Buncombe
Craven Correctional Institution,600 Alligator Rd,Vanceboro,NC,28586-7788,Craven
Eastern Correctional Institution,2821 NC-903,Snow Hill,NC,28580,Greene
Foothills Correctional Institution,5150 Western Ave,Morganton,NC,28655-9696,Burke
Franklin Correctional Center,5918 Nc 39 Hwy S,Bunn,NC,27508-6106,Franklin
Granville Correctional Institution,1001 Veazey Dr,Butner,NC,27509-1649,Granville
Harnett Correctional Institution,1210 E Mcneill St,Lillington,NC,27546-9184,Harnett
Lumberton Correctional Institution,75 Legend Rd,Lumberton,NC,28358-9006,Robeson
Marion Correctional Center,355 Old Glenwood Rd,Marion,NC,28752-7766,McDowell
Mountain View Correctional Institution,545 Amity Park Rd,Spruce Pine,NC,28777-6210,Avery
Nash Correctional Institution,1869 US-64-ALT,Nashville,NC,27856,Nash
Neuse Correctional Institution,701 Stevens Mill Rd,Goldsboro,NC,27530-9712,Wayne
Pamlico Correctional Institution,601 N Third St,Bayboro,NC,28515-9497,Pamlico
Pasquotank Correctional Institution,527 Commerce Dr,Elizabeth City,NC,27909-8327,Pasquotank
Pender Correctional Institution,906 Penderlea Hwy,Burgaw,NC,28425-4545,Pender
Piedmont Correctional Institution,1245 Camp Rd,Salisbury,NC,28147-9233,Rowan
Richmond Correctional Institution,1573 Mcdonald Church Rd,Hoffman,NC,28347-9011,Richmond
Roanoke River Correctional Institution,2787 Caledonia Dr,Halifax,NC,27839,Halifax
Sampson Correctional Institution,700 Northwest Blvd,Clinton,NC,28328-1816,Sampson
Scotland Correctional Institution,22385 Mcgirts Bridge Rd,Laurinburg,NC,28352-6602,Scotland
Southern Correctional Institution,272 Glen Rd,Troy,NC,27371-8321,Montgomery
Tabor Correctional Institution,4600 Swamp Fox Hwy W,Tabor City,NC,28463-8667,Columbus
Warren Correctional Institution,379 Collins Rd,Manson,NC,27553-9086,Warren
Maury Correctional Institution,2668 Moore Rouse Rd,Hookerton,NC,28538,Greene
PEMBROKE FAMILY PRACTICE & URGENT CARE,410 S Jones St,Pembroke,NC,28372-7261,Robeson
AMG1 Harris Blvd,6010 E W T Harris Blvd STE A,Charlotte,NC,28215-4084,Mecklenburg
AMG2 Park Rd,10508 Park Rd STE 130,Charlotte,NC,28210-8526,Mecklenburg
AMG3 Monroe Rd,9835 Monroe Rd STE B,Charlotte,NC,28270-1471,Mecklenburg
AMG4 Dallas,824 Lower Dallas Hwy,Dallas,NC,28034-9368,Gaston
ERLANGER PRIMARY CARE PEACHTREE,125 Medical Park Ln STE H,Murphy,NC,28906-6921,Cherokee
"ACCESS MEDICAL CLINIC NC, PLLC",18901 Ida Mill Rd,Laurel Hill,NC,28351-8326,Scotland
